{
  "hash": "69b6a9f2",
  "configHash": "9f342c0b",
  "lockfileHash": "cd747836",
  "browserHash": "2a5dac70",
  "optimized": {
    "@angular/common/http": {
      "src": "../../../../../../node_modules/@angular/common/fesm2022/http.mjs",
      "file": "@angular_common_http.js",
      "fileHash": "b83367d3",
      "needsInterop": false
    },
    "@angular/core": {
      "src": "../../../../../../node_modules/@angular/core/fesm2022/core.mjs",
      "file": "@angular_core.js",
      "fileHash": "dad2dc14",
      "needsInterop": false
    },
    "@angular/forms": {
      "src": "../../../../../../node_modules/@angular/forms/fesm2022/forms.mjs",
      "file": "@angular_forms.js",
      "fileHash": "90f87471",
      "needsInterop": false
    },
    "@angular/platform-browser": {
      "src": "../../../../../../node_modules/@angular/platform-browser/fesm2022/platform-browser.mjs",
      "file": "@angular_platform-browser.js",
      "fileHash": "db2a980a",
      "needsInterop": false
    },
    "@angular/router": {
      "src": "../../../../../../node_modules/@angular/router/fesm2022/router.mjs",
      "file": "@angular_router.js",
      "fileHash": "1973721a",
      "needsInterop": false
    },
    "rxjs": {
      "src": "../../../../../../node_modules/rxjs/dist/esm5/index.js",
      "file": "rxjs.js",
      "fileHash": "5de30c0c",
      "needsInterop": false
    },
    "@auth0/angular-jwt": {
      "src": "../../../../../../node_modules/@auth0/angular-jwt/fesm2020/auth0-angular-jwt.mjs",
      "file": "@auth0_angular-jwt.js",
      "fileHash": "cae15223",
      "needsInterop": false
    },
    "@angular/common": {
      "src": "../../../../../../node_modules/@angular/common/fesm2022/common.mjs",
      "file": "@angular_common.js",
      "fileHash": "5dddfc06",
      "needsInterop": false
    },
    "bootstrap": {
      "src": "../../../../../../node_modules/bootstrap/dist/js/bootstrap.esm.js",
      "file": "bootstrap.js",
      "fileHash": "9f366757",
      "needsInterop": false
    },
    "@microsoft/signalr": {
      "src": "../../../../../../node_modules/@microsoft/signalr/dist/esm/index.js",
      "file": "@microsoft_signalr.js",
      "fileHash": "49b5791c",
      "needsInterop": false
    }
  },
  "chunks": {
    "chunk-RT5SLEMN": {
      "file": "chunk-RT5SLEMN.js"
    },
    "chunk-HGW5YCZR": {
      "file": "chunk-HGW5YCZR.js"
    },
    "chunk-N4J5G7LF": {
      "file": "chunk-N4J5G7LF.js"
    },
    "chunk-CWJNMSJA": {
      "file": "chunk-CWJNMSJA.js"
    },
    "chunk-GDCN4CX5": {
      "file": "chunk-GDCN4CX5.js"
    },
    "chunk-O65LMZJ7": {
      "file": "chunk-O65LMZJ7.js"
    }
  }
}